Date,Store_ID,Product_ID,Units_Sold,Revenue,City,Holiday,Month,Is_Weekend,Avg_Selling_Price
2023-06-07,S004,P0012,33.0,214.41,Phoenix,No,6,False,6.497272727272727
2023-08-15,S001,P0032,6.0,,Houston,Yes,8,False,
2023-08-10,S008,P0050,4.0,80.22,Los Angeles,Yes,8,False,20.055
2023-04-09,S001,P0028,13.0,78.19,Houston,No,4,True,6.014615384615384
2023-11-26,S003,P0036,17.0,310.56,New York,No,11,True,18.26823529411765
2023-01-20,S006,P0024,31.0,690.48,New York,No,1,False,22.273548387096774
2023-05-09,S003,P0049,18.0,,Chicago,No,5,False,
2023-06-26,S003,P0028,4.0,97.62,Los Angeles,Yes,6,False,24.405
2023-05-09,S008,P0023,26.0,611.73,Los Angeles,No,5,False,23.528076923076924
2023-02-05,S006,P0040,39.0,973.19,Phoenix,No,2,True,24.953589743589745
2023-02-18,S001,P0044,1.0,22.41,Los Angeles,No,2,True,22.41
2023-09-30,S010,P0042,3.0,43.56,New York,No,9,True,14.520000000000001
2023-02-12,S003,P0032,23.0,401.73,Chicago,Yes,2,True,17.466521739130435
2023-11-07,S005,P0020,11.0,179.33,Houston,No,11,False,16.302727272727275
2023-09-26,S006,P0034,25.0,436.05,New York,Yes,9,False,17.442
2023-03-28,S008,P0026,44.0,572.79,New York,No,3,False,13.017954545454545
2023-12-20,S003,P0018,36.0,545.43,New York,No,12,False,15.150833333333331
2023-11-03,S003,P0008,21.0,,Phoenix,Yes,11,False,
2023-07-08,S001,P0035,42.0,766.78,Houston,No,7,True,18.256666666666668
2023-11-21,S004,P0010,36.0,352.54,Los Angeles,Yes,11,False,9.79277777777778
2023-12-07,S006,P0049,30.0,710.95,Houston,Yes,12,False,23.698333333333334
2023-03-29,S010,P0046,14.0,276.95,Chicago,No,3,False,19.782142857142855
2023-09-22,S010,P0011,3.0,37.32,Los Angeles,Yes,9,False,12.44
2023-07-27,S006,P0025,39.0,947.16,New York,No,7,False,24.286153846153844
2023-12-10,S008,P0010,49.0,,Phoenix,No,12,True,
2023-08-13,S003,P0015,33.0,692.07,Phoenix,Yes,8,True,20.971818181818183
2023-01-27,S005,P0044,,,Los Angeles,Yes,1,False,
2023-08-24,S002,P0001,33.0,667.21,New York,No,8,False,20.21848484848485
2023-11-11,S004,P0026,22.0,461.02,Los Angeles,No,11,True,20.955454545454543
2023-10-21,S004,P0041,28.0,609.26,Los Angeles,No,10,True,21.759285714285713
2023-06-06,S005,P0016,30.0,,Los Angeles,No,6,False,
2023-02-25,S003,P0005,,,New York,No,2,True,
2023-09-15,S002,P0046,6.0,130.79,Phoenix,No,9,False,21.798333333333332
2023-07-03,S004,P0014,12.0,,Houston,No,7,False,
2023-05-13,S008,P0047,50.0,538.53,Los Angeles,Yes,5,True,10.7706
2023-12-27,S004,P0034,17.0,342.34,Chicago,Yes,12,False,20.13764705882353
2023-04-25,S005,P0021,22.0,313.62,New York,No,4,False,14.255454545454546
2023-04-11,S001,P0015,28.0,401.52,Houston,Yes,4,False,14.34
2023-04-16,S007,P0012,47.0,706.03,Houston,Yes,4,True,15.021914893617021
2023-02-21,S003,P0007,50.0,1108.11,New York,Yes,2,False,22.1622
2023-04-11,S004,P0033,5.0,95.07,Los Angeles,No,4,False,19.014
2023-03-22,S006,P0013,32.0,181.17,New York,Yes,3,False,5.6615625
2023-01-30,S006,P0031,46.0,553.67,New York,Yes,1,False,12.036304347826086
2023-02-26,S004,P0001,6.0,93.61,Los Angeles,Yes,2,True,15.601666666666667
2023-06-03,S010,P0018,32.0,506.23,New York,Yes,6,True,15.8196875
2023-08-29,S007,P0006,45.0,994.4,New York,No,8,False,22.09777777777778
2023-04-24,S006,P0014,39.0,787.55,Houston,Yes,4,False,20.193589743589744
2023-04-19,S008,P0010,33.0,529.53,New York,Yes,4,False,16.046363636363637
2023-09-17,S007,P0047,2.0,41.23,Chicago,No,9,True,20.615
2023-07-10,S002,P0016,48.0,545.89,Chicago,No,7,False,11.372708333333334
2023-05-24,S010,P0028,25.0,439.31,Los Angeles,No,5,False,17.572400000000002
2023-09-21,S001,P0043,18.0,303.62,New York,No,9,False,16.86777777777778
2023-07-10,S007,P0049,1.0,23.45,Los Angeles,Yes,7,False,23.45
2023-02-20,S005,P0043,42.0,873.68,Houston,No,2,False,20.801904761904762
2023-04-04,S009,P0015,,,Houston,No,4,False,
2023-07-14,S005,P0032,24.0,564.04,Los Angeles,No,7,False,23.501666666666665
2023-12-20,S004,P0050,47.0,688.67,Los Angeles,No,12,False,14.65255319148936
2023-12-16,S002,P0031,49.0,385.02,Chicago,Yes,12,True,7.857551020408163
2023-03-03,S006,P0028,14.0,297.86,Phoenix,Yes,3,False,21.275714285714287
2023-09-17,S008,P0014,17.0,153.57,New York,Yes,9,True,9.033529411764706
2023-09-24,S003,P0022,4.0,41.93,New York,Yes,9,True,10.4825
2023-11-06,S002,P0017,4.0,54.55,Houston,No,11,False,13.6375
2023-03-28,S009,P0014,8.0,125.24,Los Angeles,No,3,False,15.655
2023-08-29,S008,P0013,16.0,,New York,No,8,False,
2023-12-24,S006,P0039,15.0,276.83,Chicago,Yes,12,True,18.455333333333332
2023-08-01,S003,P0022,35.0,256.15,Phoenix,No,8,False,7.318571428571428
2023-03-03,S003,P0047,38.0,485.86,New York,No,3,False,12.785789473684211
2023-11-03,S006,P0032,13.0,97.34,New York,Yes,11,False,7.487692307692308
2023-11-21,S005,P0027,2.0,29.29,Los Angeles,No,11,False,14.645
2023-03-12,S009,P0001,39.0,296.12,Los Angeles,No,3,True,7.592820512820513
2023-06-20,S006,P0022,19.0,444.41,Chicago,No,6,False,23.39
2023-07-11,S009,P0043,28.0,240.37,New York,No,7,False,8.584642857142857
2023-11-03,S002,P0046,7.0,171.42,New York,No,11,False,24.488571428571426
2023-02-07,S007,P0013,9.0,143.89,Phoenix,No,2,False,15.987777777777776
2023-04-22,S004,P0007,25.0,,Chicago,No,4,True,
2023-10-04,S006,P0032,38.0,603.88,Los Angeles,No,10,False,15.891578947368421
2023-06-10,S008,P0040,41.0,843.03,Chicago,No,6,True,20.56170731707317
2023-04-22,S003,P0016,3.0,53.1,Los Angeles,No,4,True,17.7
2023-04-19,S006,P0038,,,Houston,No,4,False,
2023-09-20,S009,P0031,,,Chicago,No,9,False,
2023-07-22,S002,P0034,26.0,,New York,No,7,True,
2023-11-26,S005,P0035,40.0,572.43,Phoenix,No,11,True,14.310749999999999
2023-02-18,S010,P0023,30.0,621.6,New York,No,2,True,20.720000000000002
2023-08-05,S003,P0029,43.0,655.69,New York,No,8,True,15.248604651162792
2023-08-10,S004,P0001,14.0,147.4,Phoenix,Yes,8,False,10.528571428571428
2023-07-16,S007,P0009,20.0,314.33,New York,Yes,7,True,15.7165
2023-07-18,S002,P0028,23.0,134.0,Phoenix,Yes,7,False,5.826086956521739
2023-01-12,S007,P0004,29.0,334.7,Los Angeles,Yes,1,False,11.541379310344826
2023-02-01,S005,P0014,25.0,567.2,Houston,No,2,False,22.688000000000002
2023-01-14,S006,P0020,20.0,260.11,New York,No,1,True,13.005500000000001
2023-01-06,S009,P0039,42.0,981.58,Los Angeles,Yes,1,False,23.37095238095238
2023-06-28,S004,P0021,32.0,564.67,Los Angeles,No,6,False,17.6459375
2023-11-14,S010,P0018,26.0,330.2,New York,No,11,False,12.7
2023-07-18,S003,P0042,18.0,304.2,New York,Yes,7,False,16.9
2023-02-26,S004,P0007,50.0,466.82,Chicago,No,2,True,9.3364
2023-05-03,S007,P0031,3.0,36.94,Phoenix,No,5,False,12.313333333333333
2023-04-08,S002,P0050,,,Los Angeles,No,4,True,
2023-01-17,S004,P0030,13.0,217.63,Los Angeles,No,1,False,16.74076923076923
2023-12-07,S010,P0026,16.0,197.26,Phoenix,No,12,False,12.32875
2023-03-19,S007,P0026,46.0,663.94,Los Angeles,Yes,3,True,14.433478260869567
2023-10-02,S006,P0009,,,Chicago,No,10,False,
2023-12-15,S009,P0034,12.0,145.16,Chicago,Yes,12,False,12.096666666666666
2023-04-01,S009,P0008,35.0,710.03,Phoenix,No,4,True,20.286571428571428
2023-10-20,S006,P0047,16.0,158.81,Los Angeles,No,10,False,9.925625
2023-06-20,S009,P0024,24.0,235.95,Phoenix,No,6,False,9.831249999999999
2023-02-07,S009,P0036,28.0,561.23,Los Angeles,Yes,2,False,20.043928571428573
2023-05-21,S004,P0022,46.0,361.3,Los Angeles,Yes,5,True,7.854347826086957
2023-02-27,S010,P0010,11.0,93.77,Phoenix,No,2,False,8.524545454545454
2023-09-20,S008,P0010,35.0,691.56,New York,No,9,False,19.758857142857142
2023-04-04,S005,P0009,12.0,107.25,Houston,Yes,4,False,8.9375
2023-08-20,S002,P0049,43.0,612.29,Chicago,Yes,8,True,14.239302325581395
2023-11-15,S002,P0012,11.0,134.75,Los Angeles,No,11,False,12.25
2023-08-10,S006,P0033,38.0,441.74,Houston,No,8,False,11.624736842105264
2023-11-03,S001,P0039,35.0,528.07,Los Angeles,No,11,False,15.087714285714288
2023-04-09,S010,P0001,38.0,327.11,New York,Yes,4,True,8.608157894736843
2023-04-07,S005,P0040,39.0,766.66,Chicago,No,4,False,19.657948717948717
2023-05-31,S006,P0005,0.0,,New York,No,5,False,
2023-03-28,S010,P0027,46.0,400.01,Phoenix,No,3,False,8.695869565217391
2023-08-27,S005,P0006,32.0,396.41,New York,No,8,True,12.3878125
2023-11-13,S007,P0009,8.0,66.32,Phoenix,Yes,11,False,8.29
2023-05-18,S001,P0020,41.0,626.65,New York,Yes,5,False,15.284146341463414
2023-03-21,S001,P0041,22.0,446.74,New York,Yes,3,False,20.30636363636364
2023-05-02,S002,P0037,22.0,260.98,Los Angeles,No,5,False,11.862727272727273
2023-08-30,S005,P0034,17.0,333.2,Chicago,No,8,False,19.599999999999998
2023-07-21,S007,P0004,42.0,558.72,Los Angeles,No,7,False,13.302857142857144
2023-06-08,S010,P0005,33.0,771.35,New York,No,6,False,23.374242424242425
2023-04-09,S006,P0043,35.0,344.16,New York,No,4,True,9.833142857142859
2023-12-11,S007,P0027,6.0,46.58,Phoenix,No,12,False,7.763333333333333
2023-11-16,S001,P0045,,,Phoenix,Yes,11,False,
2023-05-24,S001,P0034,5.0,63.86,Phoenix,No,5,False,12.772
2023-10-19,S001,P0032,44.0,887.26,Houston,No,10,False,20.165
2023-09-28,S003,P0035,48.0,637.81,New York,No,9,False,13.287708333333333
2023-06-14,S006,P0029,19.0,465.94,Los Angeles,No,6,False,24.52315789473684
2023-08-18,S010,P0027,35.0,198.12,New York,Yes,8,False,5.660571428571429
2023-03-23,S010,P0013,50.0,682.91,Houston,No,3,False,13.658199999999999
2023-08-07,S001,P0039,50.0,515.95,Houston,No,8,False,10.319
2023-08-06,S009,P0005,12.0,288.91,Chicago,No,8,True,24.075833333333335
2023-12-22,S008,P0044,16.0,107.88,New York,No,12,False,6.7425
2023-12-15,S002,P0001,20.0,259.92,New York,No,12,False,12.996
2023-03-25,S008,P0003,6.0,40.59,New York,No,3,True,6.765000000000001
2023-04-10,S006,P0017,49.0,794.99,Phoenix,No,4,False,16.224285714285713
2023-06-20,S004,P0016,3.0,34.97,Phoenix,No,6,False,11.656666666666666
2023-04-02,S008,P0037,7.0,94.34,Phoenix,Yes,4,True,13.477142857142857
2023-04-23,S005,P0040,50.0,1019.19,Phoenix,Yes,4,True,20.3838
2023-03-27,S002,P0042,22.0,219.55,Chicago,Yes,3,False,9.979545454545455
2023-02-28,S010,P0029,41.0,637.94,Los Angeles,No,2,False,15.559512195121952
2023-08-14,S003,P0047,45.0,751.54,Chicago,No,8,False,16.700888888888887
2023-03-06,S008,P0043,46.0,470.48,Phoenix,No,3,False,10.227826086956522
2023-11-16,S010,P0047,37.0,727.34,Chicago,Yes,11,False,19.65783783783784
2023-03-06,S008,P0011,41.0,604.18,Los Angeles,No,3,False,14.736097560975608
2023-05-10,S004,P0027,8.0,199.71,Los Angeles,Yes,5,False,24.96375
2023-10-25,S009,P0045,27.0,256.75,New York,No,10,False,9.50925925925926
2023-03-01,S005,P0032,32.0,778.82,Los Angeles,Yes,3,False,24.338125
2023-03-25,S007,P0034,43.0,671.96,Los Angeles,Yes,3,True,15.626976744186047
2023-12-27,S008,P0019,7.0,68.85,Phoenix,Yes,12,False,9.835714285714285
2023-11-23,S004,P0019,5.0,70.39,Los Angeles,No,11,False,14.078
2023-08-07,S001,P0021,28.0,472.69,New York,No,8,False,16.881785714285716
2023-07-26,S001,P0047,24.0,520.61,Houston,No,7,False,21.692083333333333
2023-04-21,S010,P0017,1.0,13.46,Chicago,No,4,False,13.46
2023-09-21,S007,P0044,48.0,1178.53,Houston,Yes,9,False,24.55270833333333
2023-03-26,S008,P0042,29.0,272.06,Los Angeles,No,3,True,9.381379310344828
2023-10-01,S007,P0033,16.0,87.77,Los Angeles,No,10,True,5.485625
2023-10-14,S001,P0027,15.0,185.86,Houston,No,10,True,12.390666666666668
2023-07-20,S006,P0007,0.0,,New York,No,7,False,
2023-04-21,S003,P0030,,,Houston,Yes,4,False,
2023-05-13,S002,P0015,32.0,796.14,New York,No,5,True,24.879375
2023-05-21,S008,P0010,8.0,73.15,New York,Yes,5,True,9.14375
2023-12-05,S009,P0038,3.0,34.53,Chicago,Yes,12,False,11.51
2023-08-02,S003,P0039,49.0,257.57,Los Angeles,Yes,8,False,5.256530612244898
2023-11-28,S007,P0022,46.0,962.29,Phoenix,Yes,11,False,20.919347826086955
2023-12-26,S004,P0026,16.0,164.33,Los Angeles,No,12,False,10.270625
2023-05-31,S003,P0026,31.0,300.96,New York,No,5,False,9.708387096774192
2023-07-22,S008,P0032,33.0,655.44,New York,No,7,True,19.861818181818183
2023-04-12,S008,P0033,9.0,185.8,New York,Yes,4,False,20.644444444444446
2023-11-06,S004,P0021,30.0,263.88,Chicago,No,11,False,8.796
2023-01-23,S010,P0024,6.0,35.92,Chicago,No,1,False,5.986666666666667
2023-01-20,S009,P0006,,,Houston,Yes,1,False,
2023-07-08,S010,P0017,26.0,562.04,New York,No,7,True,21.616923076923076
2023-08-21,S003,P0034,34.0,451.74,New York,No,8,False,13.286470588235295
2023-05-13,S002,P0030,18.0,233.03,Los Angeles,No,5,True,12.946111111111112
2023-03-06,S007,P0016,20.0,460.49,Los Angeles,No,3,False,23.0245
2023-04-30,S006,P0037,13.0,199.29,Chicago,Yes,4,True,15.33
2023-10-28,S009,P0031,,,Houston,Yes,10,True,
2023-03-09,S009,P0032,31.0,327.53,New York,No,3,False,10.565483870967741
2023-06-09,S002,P0001,19.0,335.54,Chicago,Yes,6,False,17.66
2023-06-17,S007,P0013,41.0,1008.4,New York,No,6,True,24.59512195121951
2023-07-23,S002,P0048,18.0,317.46,New York,No,7,True,17.636666666666667
2023-01-13,S007,P0032,48.0,1184.27,Los Angeles,Yes,1,False,24.672291666666666
2023-03-05,S004,P0045,33.0,463.81,New York,No,3,True,14.054848484848485
2023-08-04,S008,P0037,29.0,445.74,New York,Yes,8,False,15.370344827586207
2023-12-26,S006,P0029,11.0,245.26,Chicago,Yes,12,False,22.296363636363637
2023-03-08,S005,P0027,6.0,67.29,Los Angeles,No,3,False,11.215000000000002
2023-01-23,S006,P0027,47.0,1128.25,Houston,No,1,False,24.00531914893617
2023-10-29,S001,P0039,18.0,344.45,Houston,Yes,10,True,19.13611111111111
2023-05-14,S009,P0003,45.0,892.33,Phoenix,Yes,5,True,19.829555555555558
2023-04-15,S002,P0038,34.0,764.46,New York,No,4,True,22.484117647058824
2023-03-07,S009,P0009,2.0,16.4,New York,Yes,3,False,8.2
2023-10-23,S005,P0018,20.0,123.13,Los Angeles,No,10,False,6.156499999999999
2023-04-28,S006,P0019,45.0,420.24,Chicago,Yes,4,False,9.338666666666667
2023-01-10,S007,P0009,47.0,618.29,Chicago,No,1,False,13.155106382978722
2023-02-10,S008,P0022,12.0,268.4,Houston,Yes,2,False,22.366666666666664
2023-10-17,S005,P0035,33.0,751.68,New York,Yes,10,False,22.778181818181817
2023-09-21,S006,P0012,46.0,813.99,New York,No,9,False,17.695434782608697
2023-03-30,S010,P0006,45.0,682.9,Phoenix,Yes,3,False,15.175555555555555
2023-02-16,S006,P0037,11.0,221.92,Houston,No,2,False,20.174545454545452
2023-05-22,S002,P0034,9.0,148.7,Chicago,Yes,5,False,16.522222222222222
2023-06-17,S003,P0024,18.0,441.84,Houston,No,6,True,24.546666666666667
2023-02-02,S009,P0041,43.0,701.97,Chicago,Yes,2,False,16.324883720930234
2023-01-11,S010,P0012,,,Los Angeles,No,1,False,
2023-07-22,S009,P0031,32.0,321.26,Chicago,Yes,7,True,10.039375
2023-03-28,S003,P0017,5.0,44.3,New York,No,3,False,8.86
2023-04-17,S002,P0003,35.0,568.05,New York,No,4,False,16.23
2023-09-12,S007,P0028,3.0,47.45,Los Angeles,Yes,9,False,15.816666666666668
2023-06-16,S010,P0019,16.0,272.64,Phoenix,Yes,6,False,17.04
2023-01-28,S007,P0017,,,Los Angeles,No,1,True,
2023-04-29,S007,P0012,7.0,153.76,Los Angeles,No,4,True,21.965714285714284
2023-12-02,S010,P0026,47.0,857.38,New York,Yes,12,True,18.242127659574468
2023-09-28,S003,P0046,25.0,411.14,Houston,No,9,False,16.4456
2023-02-13,S002,P0019,38.0,805.76,Chicago,Yes,2,False,21.20421052631579
2023-07-16,S005,P0001,48.0,752.45,Houston,No,7,True,15.676041666666668
2023-06-11,S003,P0023,22.0,224.63,Chicago,Yes,6,True,10.210454545454546
2023-01-19,S001,P0044,40.0,802.43,Los Angeles,Yes,1,False,20.06075
2023-01-03,S001,P0043,16.0,196.38,Los Angeles,Yes,1,False,12.27375
2023-10-07,S005,P0039,37.0,842.51,Phoenix,Yes,10,True,22.77054054054054
2023-12-19,S007,P0044,36.0,856.33,Los Angeles,Yes,12,False,23.786944444444444
2023-01-29,S001,P0025,26.0,212.59,Houston,Yes,1,True,8.176538461538462
2023-02-14,S007,P0007,44.0,,Los Angeles,No,2,False,
2023-01-27,S007,P0037,,,Los Angeles,Yes,1,False,
2023-07-04,S005,P0003,17.0,354.16,New York,Yes,7,False,20.83294117647059
2023-03-03,S001,P0024,23.0,188.92,Chicago,No,3,False,8.21391304347826
2023-10-29,S006,P0038,43.0,560.55,Los Angeles,Yes,10,True,13.036046511627905
2023-08-14,S009,P0045,25.0,371.87,Los Angeles,No,8,False,14.8748
2023-03-10,S005,P0015,18.0,363.47,New York,No,3,False,20.192777777777778
2023-03-27,S001,P0018,14.0,232.25,Chicago,Yes,3,False,16.589285714285715
2023-04-12,S010,P0018,21.0,451.21,New York,Yes,4,False,21.486190476190476
2023-12-25,S004,P0034,21.0,115.98,Los Angeles,Yes,12,False,5.522857142857143
2023-08-09,S001,P0008,1.0,5.6,Phoenix,No,8,False,5.6
2023-08-27,S009,P0041,22.0,506.73,Houston,No,8,True,23.03318181818182
2023-12-04,S009,P0029,48.0,905.29,Phoenix,Yes,12,False,18.860208333333333
2023-10-28,S007,P0038,4.0,51.99,Chicago,No,10,True,12.9975
2023-05-07,S002,P0033,17.0,191.01,New York,Yes,5,True,11.235882352941175
2023-12-31,S001,P0016,30.0,,Houston,Yes,12,True,
2023-05-13,S005,P0031,4.0,35.53,Phoenix,No,5,True,8.8825
2023-09-22,S006,P0041,3.0,62.08,Los Angeles,No,9,False,20.69333333333333
2023-08-20,S009,P0001,14.0,293.88,Los Angeles,No,8,True,20.99142857142857
2023-09-23,S008,P0017,48.0,646.96,New York,No,9,True,13.478333333333333
2023-03-15,S009,P0046,,,New York,No,3,False,
2023-01-24,S008,P0021,34.0,509.38,Phoenix,No,1,False,14.981764705882354
2023-05-07,S008,P0040,48.0,1116.62,Phoenix,Yes,5,True,23.262916666666666
2023-04-29,S010,P0017,16.0,183.16,Chicago,No,4,True,11.4475
2023-02-26,S006,P0008,31.0,265.91,Los Angeles,No,2,True,8.577741935483871
2023-03-14,S005,P0004,,,Houston,No,3,False,
2023-05-17,S007,P0042,1.0,19.28,Phoenix,No,5,False,19.28
2023-02-20,S009,P0034,30.0,506.46,Los Angeles,Yes,2,False,16.881999999999998
2023-07-25,S010,P0026,,,Houston,Yes,7,False,
2023-03-18,S009,P0033,39.0,545.35,New York,No,3,True,13.983333333333334
2023-09-17,S002,P0005,12.0,221.11,New York,Yes,9,True,18.425833333333333
2023-05-08,S010,P0041,29.0,163.69,New York,No,5,False,5.64448275862069
2023-02-20,S004,P0007,,,Chicago,No,2,False,
2023-12-23,S008,P0046,0.0,,Los Angeles,No,12,True,
2023-05-29,S006,P0015,9.0,122.22,Houston,No,5,False,13.58
2023-04-03,S002,P0045,47.0,1006.88,New York,No,4,False,21.422978723404256
2023-08-28,S003,P0034,2.0,19.7,New York,Yes,8,False,9.85
2023-11-13,S010,P0042,46.0,606.13,New York,No,11,False,13.176739130434783
2023-10-31,S002,P0004,26.0,302.74,New York,Yes,10,False,11.643846153846154
2023-07-18,S010,P0048,14.0,177.81,Houston,No,7,False,12.700714285714286
2023-07-20,S002,P0025,47.0,1159.98,Los Angeles,Yes,7,False,24.680425531914896
2023-10-29,S005,P0015,9.0,174.77,Los Angeles,Yes,10,True,19.41888888888889
2023-05-02,S006,P0040,38.0,567.31,New York,Yes,5,False,14.929210526315789
2023-01-21,S003,P0007,12.0,273.76,New York,Yes,1,True,22.813333333333333
2023-07-30,S010,P0021,10.0,74.72,Chicago,Yes,7,True,7.4719999999999995
2023-06-06,S002,P0010,43.0,781.5,New York,Yes,6,False,18.174418604651162
2023-07-12,S003,P0042,33.0,275.75,New York,No,7,False,8.356060606060606
2023-04-28,S003,P0008,38.0,798.1,New York,No,4,False,21.00263157894737
2023-05-06,S006,P0004,11.0,137.36,New York,No,5,True,12.487272727272728
2023-01-28,S001,P0048,6.0,114.96,Los Angeles,No,1,True,19.16
2023-03-02,S004,P0033,34.0,554.36,Los Angeles,No,3,False,16.30470588235294
2023-05-05,S007,P0025,47.0,666.62,Los Angeles,Yes,5,False,14.183404255319148
2023-08-28,S003,P0029,13.0,312.6,Chicago,No,8,False,24.04615384615385
2023-08-22,S003,P0016,45.0,516.75,Los Angeles,Yes,8,False,11.483333333333333
2023-04-02,S002,P0009,33.0,433.78,Houston,No,4,True,13.144848484848485
2023-10-07,S009,P0006,26.0,247.83,Phoenix,No,10,True,9.531923076923077
2023-04-09,S008,P0039,9.0,70.77,Phoenix,No,4,True,7.863333333333333
2023-02-02,S009,P0032,,,Houston,No,2,False,
2023-10-24,S003,P0029,35.0,394.09,New York,No,10,False,11.259714285714285
2023-03-10,S003,P0015,,,Phoenix,No,3,False,
2023-10-08,S002,P0045,45.0,1019.19,Chicago,Yes,10,True,22.648666666666667
2023-11-04,S008,P0039,47.0,465.37,Phoenix,No,11,True,9.901489361702128
2023-12-30,S005,P0021,10.0,241.63,Houston,No,12,True,24.163
2023-06-07,S010,P0016,8.0,77.08,Los Angeles,Yes,6,False,9.635
2023-09-26,S008,P0022,42.0,695.47,Phoenix,Yes,9,False,16.558809523809526
2023-11-27,S007,P0023,35.0,256.17,Los Angeles,No,11,False,7.319142857142857
2023-04-22,S006,P0014,10.0,164.34,Houston,Yes,4,True,16.434
2023-06-14,S006,P0045,48.0,302.23,Chicago,Yes,6,False,6.296458333333334
2023-01-15,S009,P0038,37.0,266.66,Phoenix,Yes,1,True,7.207027027027028
2023-06-24,S008,P0014,28.0,677.66,New York,No,6,True,24.202142857142857
2023-11-15,S005,P0016,8.0,138.98,New York,No,11,False,17.3725
2023-09-24,S009,P0021,43.0,699.36,Houston,No,9,True,16.26418604651163
2023-04-18,S010,P0022,4.0,40.3,Los Angeles,No,4,False,10.075
2023-05-17,S009,P0021,45.0,739.01,Los Angeles,Yes,5,False,16.422444444444444
2023-12-12,S004,P0047,14.0,211.72,Los Angeles,Yes,12,False,15.122857142857143
2023-05-16,S006,P0034,3.0,40.52,New York,Yes,5,False,13.506666666666668
2023-07-22,S005,P0011,37.0,271.87,Los Angeles,Yes,7,True,7.347837837837838
2023-05-22,S001,P0008,46.0,518.44,New York,Yes,5,False,11.270434782608698
2023-03-04,S004,P0035,45.0,334.26,Phoenix,Yes,3,True,7.428
2023-09-12,S009,P0019,,,Los Angeles,No,9,False,
2023-06-12,S008,P0005,36.0,726.44,Chicago,No,6,False,20.178888888888892
2023-04-19,S007,P0036,13.0,186.59,Chicago,No,4,False,14.353076923076923
2023-04-30,S001,P0045,24.0,419.83,Houston,Yes,4,True,17.492916666666666
2023-02-15,S009,P0027,7.0,160.76,Los Angeles,No,2,False,22.965714285714284
2023-12-17,S005,P0017,2.0,15.66,Houston,Yes,12,True,7.83
2023-09-19,S008,P0045,26.0,426.85,Los Angeles,No,9,False,16.417307692307695
2023-06-16,S006,P0019,2.0,29.61,Los Angeles,No,6,False,14.805
2023-11-17,S009,P0024,48.0,1155.36,Houston,No,11,False,24.069999999999997
2023-09-18,S004,P0036,23.0,389.88,Houston,No,9,False,16.95130434782609
2023-09-14,S005,P0027,30.0,431.4,New York,No,9,False,14.379999999999999
2023-10-20,S002,P0025,,,New York,No,10,False,
2023-07-08,S004,P0012,12.0,160.65,Houston,No,7,True,13.387500000000001
2023-05-10,S003,P0010,42.0,565.62,Los Angeles,No,5,False,13.467142857142857
2023-07-01,S008,P0045,14.0,306.44,Chicago,Yes,7,True,21.888571428571428
2023-07-16,S010,P0032,9.0,60.62,Houston,Yes,7,True,6.735555555555555
2023-07-06,S004,P0019,0.0,,Phoenix,Yes,7,False,
2023-10-31,S009,P0008,9.0,164.51,New York,No,10,False,18.278888888888886
2023-03-07,S010,P0040,6.0,77.3,Houston,No,3,False,12.883333333333333
2023-08-03,S001,P0023,32.0,304.89,Chicago,Yes,8,False,9.5278125
2023-09-26,S010,P0017,20.0,261.9,Phoenix,No,9,False,13.094999999999999
2023-05-17,S003,P0037,43.0,444.83,Phoenix,Yes,5,False,10.344883720930232
2023-11-26,S006,P0036,35.0,656.12,Los Angeles,No,11,True,18.746285714285715
2023-03-26,S002,P0044,48.0,406.47,Houston,No,3,True,8.468125
2023-07-28,S006,P0037,25.0,208.03,Chicago,No,7,False,8.3212
2023-06-26,S004,P0038,15.0,167.24,Los Angeles,No,6,False,11.149333333333335
2023-02-03,S005,P0031,2.0,48.87,Los Angeles,Yes,2,False,24.435
2023-12-26,S007,P0030,30.0,,Chicago,Yes,12,False,
2023-04-27,S010,P0036,40.0,270.44,Phoenix,Yes,4,False,6.761
2023-12-13,S004,P0049,36.0,737.22,Houston,No,12,False,20.478333333333335
2023-10-23,S009,P0030,49.0,964.9,Houston,No,10,False,19.691836734693876
2023-05-09,S006,P0040,,,Houston,Yes,5,False,
2023-05-18,S010,P0020,22.0,141.47,Los Angeles,Yes,5,False,6.430454545454546
2023-05-22,S008,P0021,45.0,1005.73,Phoenix,Yes,5,False,22.349555555555558
2023-09-19,S009,P0040,17.0,117.55,Houston,No,9,False,6.914705882352941
2023-11-06,S006,P0020,25.0,422.57,New York,No,11,False,16.9028
2023-05-21,S009,P0022,21.0,162.27,Los Angeles,No,5,True,7.727142857142858
2023-05-28,S001,P0041,24.0,412.78,Los Angeles,No,5,True,17.199166666666667
2023-01-30,S009,P0032,32.0,740.71,Chicago,Yes,1,False,23.1471875
2023-07-27,S001,P0018,41.0,278.93,New York,No,7,False,6.803170731707318
2023-04-24,S004,P0004,27.0,636.13,Chicago,No,4,False,23.56037037037037
2023-02-26,S008,P0030,4.0,90.26,New York,Yes,2,True,22.565
2023-08-04,S006,P0043,47.0,728.85,New York,Yes,8,False,15.50744680851064
2023-09-19,S009,P0035,29.0,408.23,Los Angeles,No,9,False,14.076896551724138
2023-09-14,S008,P0018,23.0,323.93,Chicago,Yes,9,False,14.083913043478262
2023-12-05,S004,P0037,25.0,599.72,Los Angeles,No,12,False,23.9888
2023-08-07,S009,P0049,32.0,511.33,Phoenix,No,8,False,15.9790625
2023-03-18,S010,P0001,1.0,23.54,Houston,No,3,True,23.54
2023-05-17,S004,P0020,8.0,44.35,Los Angeles,No,5,False,5.54375
2023-05-16,S002,P0018,14.0,95.12,Phoenix,Yes,5,False,6.7942857142857145
2023-09-25,S009,P0007,9.0,83.96,Los Angeles,No,9,False,9.328888888888889
2023-10-17,S003,P0028,50.0,599.99,Phoenix,No,10,False,11.9998
2023-05-09,S006,P0033,18.0,278.49,Phoenix,No,5,False,15.471666666666668
2023-07-03,S004,P0018,11.0,193.76,Houston,Yes,7,False,17.614545454545453
2023-02-23,S007,P0029,49.0,310.26,Los Angeles,No,2,False,6.331836734693877
2023-07-19,S002,P0050,40.0,378.67,New York,No,7,False,9.466750000000001
2023-06-23,S005,P0018,41.0,908.52,Houston,No,6,False,22.159024390243903
2023-11-04,S006,P0028,7.0,76.95,New York,No,11,True,10.992857142857144
2023-02-17,S008,P0034,18.0,363.96,New York,Yes,2,False,20.22
2023-11-06,S001,P0036,26.0,503.32,Houston,No,11,False,19.358461538461537
2023-02-02,S009,P0004,18.0,169.36,Houston,Yes,2,False,9.408888888888889
2023-03-23,S002,P0020,26.0,638.13,Phoenix,Yes,3,False,24.54346153846154
2023-10-12,S007,P0016,4.0,96.34,Los Angeles,No,10,False,24.085
2023-10-22,S004,P0026,,,Houston,Yes,10,True,
2023-05-11,S006,P0008,41.0,259.01,Chicago,No,5,False,6.317317073170732
2023-07-07,S006,P0037,17.0,103.0,New York,No,7,False,6.0588235294117645
2023-10-12,S005,P0030,49.0,856.4,Chicago,Yes,10,False,17.477551020408164
2023-09-25,S004,P0027,11.0,109.57,Los Angeles,No,9,False,9.960909090909091
2023-01-11,S007,P0050,18.0,138.87,Chicago,No,1,False,7.715
2023-10-26,S007,P0009,13.0,111.7,Houston,Yes,10,False,8.592307692307692
2023-04-19,S009,P0020,21.0,132.1,Los Angeles,No,4,False,6.29047619047619
2023-07-07,S004,P0003,,,Phoenix,No,7,False,
2023-10-19,S001,P0007,,,Houston,No,10,False,
2023-05-28,S001,P0044,12.0,295.67,Chicago,No,5,True,24.639166666666668
2023-12-18,S004,P0020,19.0,235.65,Los Angeles,Yes,12,False,12.40263157894737
2023-09-04,S007,P0010,25.0,531.98,Phoenix,Yes,9,False,21.2792
2023-09-04,S010,P0005,14.0,256.56,New York,No,9,False,18.325714285714287
2023-11-20,S003,P0003,37.0,317.08,New York,No,11,False,8.56972972972973
2023-07-31,S008,P0015,26.0,,New York,No,7,False,
2023-12-31,S001,P0045,25.0,472.09,Houston,No,12,True,18.883599999999998
2023-07-09,S004,P0001,37.0,833.96,New York,Yes,7,True,22.53945945945946
2023-01-11,S008,P0040,8.0,67.82,Houston,No,1,False,8.4775
2023-03-21,S006,P0007,0.0,,New York,Yes,3,False,
2023-03-08,S002,P0019,2.0,35.38,Houston,Yes,3,False,17.69
2023-08-04,S009,P0024,,,Los Angeles,No,8,False,
2023-03-03,S010,P0036,3.0,36.19,Houston,No,3,False,12.063333333333333
2023-05-21,S008,P0018,33.0,744.55,Chicago,No,5,True,22.562121212121212
2023-01-28,S003,P0050,4.0,60.72,Los Angeles,No,1,True,15.18
2023-07-27,S004,P0030,37.0,402.05,Phoenix,No,7,False,10.866216216216216
2023-06-20,S002,P0045,46.0,1043.25,Phoenix,Yes,6,False,22.679347826086957
2023-03-16,S004,P0025,31.0,353.94,Chicago,Yes,3,False,11.41741935483871
2023-09-30,S005,P0045,27.0,615.49,Los Angeles,Yes,9,True,22.795925925925925
2023-01-24,S006,P0015,3.0,45.58,New York,No,1,False,15.193333333333333
2023-11-30,S007,P0021,25.0,463.75,Los Angeles,No,11,False,18.55
2023-10-20,S002,P0004,18.0,201.18,Chicago,No,10,False,11.176666666666668
2023-05-10,S008,P0013,9.0,197.75,New York,No,5,False,21.97222222222222
2023-01-11,S006,P0040,2.0,19.55,New York,No,1,False,9.775
2023-05-03,S004,P0001,34.0,430.1,Los Angeles,Yes,5,False,12.65
2023-08-28,S005,P0035,2.0,29.0,New York,No,8,False,14.5
2023-11-07,S009,P0044,29.0,469.34,New York,Yes,11,False,16.18413793103448
2023-08-11,S008,P0024,33.0,250.49,Houston,No,8,False,7.590606060606061
2023-10-11,S001,P0047,29.0,504.26,Houston,No,10,False,17.388275862068966
2023-10-31,S003,P0050,25.0,597.87,New York,Yes,10,False,23.9148
2023-06-27,S005,P0024,2.0,24.83,Los Angeles,Yes,6,False,12.415
2023-05-14,S003,P0040,47.0,442.67,Houston,No,5,True,9.418510638297873
2023-03-01,S009,P0015,33.0,715.54,Los Angeles,Yes,3,False,21.683030303030304
2023-01-14,S004,P0029,26.0,607.61,Los Angeles,No,1,True,23.369615384615386
2023-07-16,S005,P0015,35.0,472.18,New York,Yes,7,True,13.490857142857143
2023-08-04,S007,P0017,11.0,218.19,New York,No,8,False,19.835454545454546
2023-03-03,S005,P0028,35.0,593.38,Houston,No,3,False,16.953714285714284
2023-01-15,S001,P0011,43.0,460.91,Houston,No,1,True,10.718837209302325
2023-09-23,S005,P0007,23.0,447.64,Phoenix,No,9,True,19.46260869565217
2023-05-05,S006,P0048,15.0,235.13,Houston,No,5,False,15.675333333333333
2023-01-08,S006,P0023,26.0,147.97,Los Angeles,No,1,True,5.6911538461538465
2023-06-25,S004,P0034,35.0,857.23,Los Angeles,No,6,True,24.492285714285714
2023-03-13,S001,P0024,30.0,452.63,Houston,Yes,3,False,15.087666666666667
2023-04-30,S006,P0002,20.0,437.61,New York,No,4,True,21.8805
2023-05-23,S004,P0046,27.0,597.11,Phoenix,No,5,False,22.115185185185187
2023-05-10,S008,P0024,47.0,484.83,Houston,Yes,5,False,10.315531914893617
2023-08-09,S007,P0039,15.0,86.6,Los Angeles,Yes,8,False,5.7733333333333325
2023-10-16,S010,P0020,32.0,437.23,New York,Yes,10,False,13.6634375
2023-08-22,S002,P0011,1.0,24.94,New York,No,8,False,24.94
2023-08-26,S004,P0030,32.0,757.31,Los Angeles,Yes,8,True,23.6659375
2023-09-09,S010,P0004,35.0,289.79,Phoenix,Yes,9,True,8.279714285714286
2023-08-08,S009,P0009,7.0,47.36,Chicago,Yes,8,False,6.765714285714286
2023-11-22,S001,P0049,5.0,94.25,Houston,Yes,11,False,18.85
2023-03-28,S010,P0041,,,Chicago,No,3,False,
2023-05-12,S007,P0031,,,New York,No,5,False,
2023-07-17,S009,P0036,22.0,478.83,Houston,Yes,7,False,21.765
2023-01-27,S006,P0040,43.0,840.28,Chicago,No,1,False,19.54139534883721
2023-06-09,S004,P0029,45.0,767.13,Houston,No,6,False,17.047333333333334
2023-03-02,S005,P0011,34.0,750.04,New York,Yes,3,False,22.06
2023-08-24,S002,P0028,21.0,296.16,Houston,No,8,False,14.102857142857143
2023-07-27,S002,P0014,27.0,248.83,Chicago,No,7,False,9.215925925925927
2023-05-05,S004,P0044,27.0,371.67,Chicago,No,5,False,13.765555555555556
2023-09-16,S008,P0011,46.0,928.53,Chicago,Yes,9,True,20.185434782608695
2023-11-18,S003,P0017,24.0,428.5,New York,Yes,11,True,17.854166666666668
2023-10-15,S004,P0028,38.0,882.12,Chicago,No,10,True,23.213684210526317
2023-01-25,S010,P0033,45.0,935.64,New York,No,1,False,20.791999999999998
2023-03-26,S001,P0008,30.0,285.5,New York,No,3,True,9.516666666666667
2023-07-11,S009,P0011,37.0,,New York,No,7,False,
2023-07-12,S004,P0004,8.0,175.23,New York,Yes,7,False,21.90375
2023-07-02,S006,P0040,44.0,754.27,Los Angeles,Yes,7,True,17.1425
2023-01-08,S009,P0046,0.0,,Los Angeles,No,1,True,
2023-01-04,S008,P0046,50.0,394.98,New York,No,1,False,7.8996
2023-04-17,S001,P0025,49.0,1148.4,Phoenix,No,4,False,23.436734693877554
2023-07-23,S008,P0026,17.0,398.03,Phoenix,No,7,True,23.413529411764703
2023-11-03,S005,P0045,48.0,680.39,Los Angeles,Yes,11,False,14.174791666666666
2023-01-28,S010,P0048,9.0,206.22,Los Angeles,No,1,True,22.913333333333334
2023-10-20,S009,P0013,47.0,811.81,Los Angeles,Yes,10,False,17.27255319148936
2023-06-26,S003,P0027,33.0,482.29,New York,Yes,6,False,14.614848484848485
2023-04-10,S004,P0007,28.0,427.5,Los Angeles,No,4,False,15.267857142857142
2023-06-06,S003,P0011,19.0,411.75,New York,No,6,False,21.67105263157895
2023-05-01,S008,P0027,19.0,406.56,New York,No,5,False,21.397894736842105
2023-08-11,S001,P0042,,,Chicago,Yes,8,False,
2023-02-14,S002,P0045,32.0,443.19,New York,No,2,False,13.8496875
2023-04-03,S008,P0020,27.0,602.0,New York,No,4,False,22.296296296296298
2023-04-19,S006,P0018,33.0,455.44,Phoenix,Yes,4,False,13.80121212121212
2023-05-04,S009,P0034,42.0,598.46,Phoenix,No,5,False,14.24904761904762
2023-07-29,S010,P0018,40.0,342.51,Los Angeles,Yes,7,True,8.56275
2023-04-16,S001,P0050,25.0,229.66,Phoenix,Yes,4,True,9.186399999999999
2023-06-21,S009,P0011,41.0,727.25,Los Angeles,No,6,False,17.73780487804878
2023-12-11,S001,P0007,48.0,662.71,Chicago,Yes,12,False,13.806458333333333
2023-12-01,S006,P0005,,,New York,No,12,False,
2023-10-24,S004,P0044,1.0,15.22,Los Angeles,No,10,False,15.22
2023-06-25,S004,P0014,6.0,71.37,Los Angeles,Yes,6,True,11.895000000000001
2023-02-06,S001,P0034,5.0,74.79,Houston,Yes,2,False,14.958000000000002
2023-06-11,S004,P0031,28.0,526.68,Chicago,No,6,True,18.81
2023-05-31,S008,P0027,6.0,142.56,Los Angeles,No,5,False,23.76
2023-01-22,S008,P0039,14.0,224.03,Chicago,No,1,True,16.002142857142857
2023-08-08,S009,P0040,11.0,143.75,Los Angeles,Yes,8,False,13.068181818181818
2023-04-01,S004,P0028,42.0,957.16,New York,No,4,True,22.789523809523807
2023-08-04,S002,P0047,10.0,64.68,Los Angeles,Yes,8,False,6.468000000000001
2023-12-26,S007,P0020,47.0,673.37,Houston,No,12,False,14.327021276595746
2023-12-24,S003,P0021,11.0,223.82,New York,No,12,True,20.347272727272728
2023-05-13,S001,P0023,9.0,55.59,Houston,Yes,5,True,6.176666666666667
2023-12-30,S003,P0042,28.0,,New York,No,12,True,
2023-06-06,S010,P0019,31.0,766.85,Los Angeles,No,6,False,24.73709677419355
2023-05-23,S004,P0034,16.0,374.14,Houston,No,5,False,23.38375
2023-07-19,S008,P0031,22.0,240.0,New York,No,7,False,10.909090909090908
2023-06-13,S002,P0013,,,Phoenix,No,6,False,
2023-08-03,S008,P0017,36.0,695.29,Phoenix,No,8,False,19.31361111111111
2023-02-28,S002,P0041,37.0,810.14,New York,No,2,False,21.895675675675676
2023-03-07,S010,P0025,18.0,271.0,Houston,No,3,False,15.055555555555555
2023-11-22,S010,P0040,33.0,627.57,Chicago,No,11,False,19.01727272727273
2023-04-15,S006,P0046,,,Chicago,No,4,True,
2023-03-06,S006,P0020,32.0,471.49,Chicago,Yes,3,False,14.7340625
2023-09-23,S008,P0012,47.0,694.6,New York,No,9,True,14.77872340425532
2023-01-09,S009,P0039,,,Chicago,No,1,False,
2023-02-27,S005,P0049,8.0,83.88,Phoenix,No,2,False,10.485
2023-12-08,S004,P0001,50.0,697.94,Los Angeles,Yes,12,False,13.958800000000002
2023-04-23,S005,P0049,9.0,134.29,Houston,Yes,4,True,14.92111111111111
2023-05-29,S010,P0036,7.0,39.16,New York,No,5,False,5.594285714285713
2023-07-11,S006,P0014,50.0,1204.9,New York,No,7,False,24.098000000000003
2023-12-18,S002,P0013,44.0,950.4,Chicago,Yes,12,False,21.599999999999998
2023-04-26,S004,P0018,37.0,,Chicago,Yes,4,False,
2023-01-02,S010,P0010,12.0,61.34,Los Angeles,No,1,False,5.111666666666667
2023-10-16,S010,P0048,39.0,461.48,New York,No,10,False,11.832820512820513
2023-01-21,S006,P0033,13.0,70.24,New York,No,1,True,5.403076923076923
2023-01-12,S005,P0010,13.0,93.41,Los Angeles,Yes,1,False,7.185384615384615
2023-01-14,S001,P0016,40.0,949.56,Chicago,No,1,True,23.738999999999997
2023-06-21,S008,P0009,,,Los Angeles,Yes,6,False,
2023-05-25,S006,P0028,8.0,47.56,Chicago,Yes,5,False,5.945
2023-12-27,S002,P0008,2.0,42.19,Los Angeles,No,12,False,21.095
2023-12-28,S010,P0039,5.0,66.7,Los Angeles,No,12,False,13.34
2023-11-27,S008,P0048,3.0,55.77,Chicago,No,11,False,18.59
2023-05-10,S009,P0001,23.0,,Los Angeles,Yes,5,False,
2023-12-14,S003,P0043,18.0,249.55,Chicago,Yes,12,False,13.863888888888889
2023-01-03,S003,P0027,13.0,257.87,Los Angeles,No,1,False,19.836153846153845
2023-07-27,S010,P0009,4.0,,Phoenix,No,7,False,
2023-11-16,S003,P0050,42.0,272.03,Phoenix,Yes,11,False,6.476904761904761
2023-06-27,S010,P0040,42.0,542.92,New York,No,6,False,12.926666666666666
2023-07-08,S007,P0037,,,Los Angeles,No,7,True,
2023-11-28,S009,P0012,47.0,1048.29,Phoenix,No,11,False,22.30404255319149
2023-07-27,S005,P0035,9.0,104.62,Los Angeles,Yes,7,False,11.624444444444444
2023-10-07,S009,P0007,47.0,481.58,Houston,Yes,10,True,10.246382978723403
2023-10-03,S002,P0016,22.0,150.8,Chicago,No,10,False,6.854545454545455
2023-02-09,S003,P0015,16.0,247.64,Chicago,No,2,False,15.4775
2023-09-08,S004,P0024,23.0,372.89,Los Angeles,Yes,9,False,16.21260869565217
2023-07-25,S003,P0005,9.0,139.72,Phoenix,No,7,False,15.524444444444445
2023-09-29,S004,P0038,24.0,,Phoenix,Yes,9,False,
2023-11-07,S008,P0030,14.0,283.61,Los Angeles,No,11,False,20.257857142857144
2023-09-18,S004,P0018,0.0,,Phoenix,Yes,9,False,
2023-05-02,S006,P0035,37.0,206.52,Phoenix,No,5,False,5.581621621621622
2023-08-11,S008,P0002,8.0,181.2,Houston,No,8,False,22.65
2023-05-12,S006,P0018,0.0,,New York,Yes,5,False,
2023-02-15,S007,P0012,42.0,873.09,Los Angeles,No,2,False,20.787857142857142
2023-09-06,S010,P0027,28.0,569.77,New York,No,9,False,20.34892857142857
2023-02-13,S010,P0047,14.0,71.99,Houston,No,2,False,5.142142857142857
2023-10-21,S009,P0024,22.0,309.42,Chicago,No,10,True,14.064545454545454
2023-08-05,S008,P0036,14.0,326.44,New York,No,8,True,23.31714285714286
2023-03-18,S006,P0022,11.0,262.91,New York,No,3,True,23.900909090909092
2023-01-21,S008,P0005,15.0,93.57,New York,No,1,True,6.2379999999999995
2023-06-27,S009,P0029,34.0,589.54,Phoenix,Yes,6,False,17.339411764705883
2023-10-20,S009,P0032,30.0,281.72,Houston,Yes,10,False,9.390666666666668
2023-03-14,S003,P0003,17.0,405.96,Phoenix,Yes,3,False,23.88
2023-01-23,S007,P0039,36.0,723.02,Chicago,No,1,False,20.08388888888889
2023-09-21,S005,P0021,,,Phoenix,No,9,False,
2023-03-08,S005,P0039,18.0,95.93,Houston,Yes,3,False,5.329444444444444
2023-01-22,S003,P0038,17.0,381.99,New York,Yes,1,True,22.47
2023-07-04,S003,P0030,48.0,736.39,New York,No,7,False,15.341458333333334
2023-01-05,S007,P0004,44.0,438.42,New York,Yes,1,False,9.96409090909091
2023-12-26,S008,P0021,30.0,160.94,New York,No,12,False,5.3646666666666665
2023-06-20,S008,P0010,42.0,489.13,New York,No,6,False,11.64595238095238
2023-11-03,S008,P0036,47.0,807.9,Los Angeles,No,11,False,17.18936170212766
2023-08-19,S010,P0038,37.0,448.38,New York,No,8,True,12.118378378378377
2023-02-05,S006,P0050,,,Houston,No,2,True,
2023-10-10,S005,P0032,,,Chicago,Yes,10,False,
2023-04-14,S010,P0010,18.0,183.6,New York,No,4,False,10.2
2023-08-27,S004,P0047,45.0,491.18,Los Angeles,No,8,True,10.915111111111111
2023-10-15,S005,P0011,13.0,242.8,Los Angeles,Yes,10,True,18.676923076923078
2023-08-12,S008,P0023,30.0,452.62,New York,No,8,True,15.087333333333333
2023-01-26,S008,P0022,7.0,104.18,Houston,No,1,False,14.882857142857144
2023-09-05,S003,P0030,22.0,457.28,New York,No,9,False,20.785454545454545
2023-09-20,S009,P0010,47.0,1000.55,New York,No,9,False,21.288297872340426
2023-01-05,S007,P0028,49.0,862.75,New York,No,1,False,17.607142857142858
2023-10-16,S010,P0013,10.0,177.48,New York,No,10,False,17.747999999999998
2023-09-17,S009,P0049,20.0,311.68,Los Angeles,No,9,True,15.584
2023-11-18,S005,P0030,4.0,72.55,Phoenix,No,11,True,18.1375
2023-09-17,S009,P0049,20.0,305.64,Los Angeles,No,9,True,15.282
2023-07-17,S007,P0002,38.0,927.37,New York,No,7,False,24.404473684210526
2023-06-30,S009,P0043,9.0,202.72,Los Angeles,No,6,False,22.524444444444445
2023-03-09,S005,P0038,3.0,66.02,Chicago,No,3,False,22.006666666666664
2023-09-05,S010,P0012,,,Los Angeles,No,9,False,
2023-04-08,S006,P0007,7.0,128.38,Los Angeles,Yes,4,True,18.34
2023-04-26,S007,P0012,15.0,133.77,Phoenix,No,4,False,8.918000000000001
2023-02-07,S001,P0040,3.0,53.07,Chicago,Yes,2,False,17.69
2023-10-26,S008,P0013,37.0,815.45,New York,Yes,10,False,22.03918918918919
2023-06-01,S007,P0027,16.0,336.54,Los Angeles,Yes,6,False,21.03375
2023-04-14,S006,P0010,0.0,,New York,No,4,False,
2023-12-11,S009,P0012,11.0,94.75,Phoenix,No,12,False,8.613636363636363
2023-10-26,S001,P0022,8.0,189.46,Houston,Yes,10,False,23.6825
2023-12-04,S001,P0003,13.0,190.31,Chicago,Yes,12,False,14.63923076923077
2023-02-03,S009,P0028,,,Los Angeles,No,2,False,
2023-02-08,S006,P0010,35.0,353.32,Phoenix,Yes,2,False,10.094857142857142
2023-07-22,S003,P0021,34.0,690.91,New York,No,7,True,20.320882352941176
2023-11-25,S006,P0029,45.0,968.29,Los Angeles,No,11,True,21.517555555555553
2023-12-14,S009,P0015,5.0,99.3,Houston,No,12,False,19.86
2023-11-28,S005,P0040,6.0,134.76,Phoenix,No,11,False,22.459999999999997
2023-09-18,S002,P0012,49.0,860.1,Los Angeles,No,9,False,17.553061224489795
2023-05-16,S009,P0009,25.0,610.67,Los Angeles,No,5,False,24.4268
2023-06-13,S004,P0011,,,Los Angeles,No,6,False,
2023-09-27,S010,P0035,18.0,323.4,New York,Yes,9,False,17.966666666666665
2023-11-11,S006,P0008,30.0,659.3,New York,No,11,True,21.976666666666667
2023-05-20,S001,P0042,5.0,83.49,Los Angeles,No,5,True,16.698
2023-07-21,S007,P0050,,,Houston,No,7,False,
2023-07-30,S008,P0031,26.0,350.23,Houston,No,7,True,13.470384615384615
2023-03-14,S007,P0039,21.0,392.94,Los Angeles,No,3,False,18.71142857142857
2023-01-28,S001,P0015,19.0,246.04,Chicago,No,1,True,12.949473684210526
2023-06-22,S005,P0016,50.0,,Phoenix,No,6,False,
2023-01-31,S003,P0033,49.0,789.71,New York,No,1,False,16.116530612244897
2023-06-03,S007,P0011,9.0,67.65,Chicago,Yes,6,True,7.5166666666666675
2023-10-10,S010,P0049,11.0,100.71,Houston,Yes,10,False,9.155454545454544
2023-07-22,S003,P0047,42.0,235.01,New York,No,7,True,5.59547619047619
2023-08-29,S003,P0001,22.0,179.52,Los Angeles,No,8,False,8.16
2023-07-16,S003,P0036,45.0,612.46,Los Angeles,No,7,True,13.610222222222223
2023-04-08,S008,P0045,2.0,26.9,Chicago,No,4,True,13.45
2023-07-03,S009,P0016,37.0,852.53,Los Angeles,Yes,7,False,23.041351351351352
2023-07-09,S009,P0041,50.0,1228.08,Los Angeles,Yes,7,True,24.5616
2023-04-18,S007,P0018,2.0,22.74,Houston,No,4,False,11.37
2023-02-15,S001,P0014,16.0,203.0,Los Angeles,Yes,2,False,12.6875
2023-09-23,S008,P0040,4.0,24.13,Houston,Yes,9,True,6.0325
2023-06-17,S001,P0039,17.0,,Phoenix,No,6,True,
2023-12-09,S006,P0039,10.0,200.99,New York,No,12,True,20.099
2023-02-26,S009,P0038,45.0,531.31,New York,No,2,True,11.806888888888889
2023-07-08,S009,P0044,26.0,174.5,Phoenix,No,7,True,6.711538461538462
2023-01-12,S009,P0014,29.0,364.43,Los Angeles,No,1,False,12.56655172413793
2023-11-04,S004,P0031,47.0,867.12,Los Angeles,No,11,True,18.44936170212766
2023-12-12,S001,P0028,11.0,187.69,New York,Yes,12,False,17.062727272727273
2023-06-02,S003,P0017,47.0,524.31,Los Angeles,No,6,False,11.155531914893617
2023-07-08,S002,P0050,,,Los Angeles,No,7,True,
2023-04-25,S005,P0010,35.0,539.34,Chicago,No,4,False,15.409714285714287
2023-08-21,S004,P0009,37.0,518.45,Los Angeles,No,8,False,14.012162162162163
2023-12-04,S007,P0040,,,Houston,No,12,False,
2023-02-21,S005,P0022,11.0,106.12,New York,No,2,False,9.647272727272728
2023-09-14,S005,P0046,34.0,238.54,Los Angeles,No,9,False,7.015882352941176
2023-06-25,S007,P0033,30.0,561.6,Phoenix,No,6,True,18.720000000000002
2023-07-07,S008,P0022,7.0,125.9,Houston,Yes,7,False,17.985714285714288
2023-07-02,S002,P0002,36.0,586.31,Houston,Yes,7,True,16.286388888888887
2023-08-10,S003,P0043,0.0,,New York,No,8,False,
2023-06-28,S006,P0019,1.0,,Los Angeles,No,6,False,
2023-01-23,S007,P0028,1.0,13.07,Phoenix,No,1,False,13.07
2023-08-04,S003,P0009,31.0,685.15,Phoenix,Yes,8,False,22.101612903225806
2023-11-13,S004,P0037,2.0,39.64,Chicago,No,11,False,19.82
2023-11-27,S009,P0029,46.0,753.22,Los Angeles,No,11,False,16.374347826086957
2023-06-18,S003,P0006,36.0,312.88,New York,No,6,True,8.69111111111111
2023-03-28,S006,P0016,14.0,110.76,Los Angeles,No,3,False,7.911428571428572
2023-09-06,S002,P0041,30.0,662.4,Houston,No,9,False,22.08
2023-06-23,S004,P0025,3.0,36.13,Houston,Yes,6,False,12.043333333333335
2023-08-27,S006,P0047,43.0,836.73,Los Angeles,Yes,8,True,19.458837209302327
2023-06-12,S005,P0025,27.0,144.08,Phoenix,No,6,False,5.336296296296297
2023-09-14,S007,P0009,40.0,617.12,Los Angeles,No,9,False,15.428
2023-06-15,S003,P0022,15.0,137.96,Los Angeles,No,6,False,9.197333333333335
2023-07-28,S009,P0047,13.0,68.37,Phoenix,No,7,False,5.259230769230769
2023-08-20,S010,P0032,4.0,64.21,Phoenix,No,8,True,16.0525
2023-09-30,S003,P0026,26.0,642.3,Chicago,Yes,9,True,24.70384615384615
2023-06-10,S003,P0017,,,Chicago,No,6,True,
2023-11-17,S010,P0016,36.0,319.38,New York,No,11,False,8.871666666666666
2023-11-03,S005,P0008,25.0,365.15,Chicago,Yes,11,False,14.606
2023-09-20,S006,P0040,32.0,722.72,Chicago,Yes,9,False,22.585
2023-06-02,S003,P0019,35.0,674.33,Phoenix,Yes,6,False,19.266571428571428
2023-08-15,S006,P0009,11.0,216.8,New York,Yes,8,False,19.70909090909091
2023-09-18,S010,P0015,4.0,,New York,No,9,False,
2023-01-26,S001,P0002,6.0,71.21,Houston,No,1,False,11.868333333333332
2023-04-16,S008,P0016,41.0,339.31,New York,Yes,4,True,8.275853658536585
2023-06-16,S002,P0002,28.0,493.1,Los Angeles,No,6,False,17.610714285714288
2023-06-28,S001,P0025,21.0,190.68,Los Angeles,Yes,6,False,9.08
2023-01-10,S004,P0004,,,Los Angeles,Yes,1,False,
2023-04-18,S009,P0033,36.0,440.87,Los Angeles,No,4,False,12.24638888888889
2023-06-20,S004,P0050,35.0,732.15,Houston,No,6,False,20.91857142857143
2023-04-28,S009,P0012,31.0,399.98,Los Angeles,Yes,4,False,12.90258064516129
2023-07-08,S008,P0037,,,Phoenix,No,7,True,
2023-07-26,S004,P0022,35.0,,Phoenix,No,7,False,
2023-01-24,S002,P0001,0.0,,New York,Yes,1,False,
2023-05-20,S003,P0003,34.0,633.66,Phoenix,Yes,5,True,18.63705882352941
2023-01-07,S009,P0012,31.0,467.67,New York,No,1,True,15.086129032258064
2023-12-21,S009,P0001,18.0,110.19,Los Angeles,Yes,12,False,6.121666666666666
2023-07-09,S009,P0020,18.0,316.24,New York,No,7,True,17.56888888888889
2023-10-12,S003,P0025,29.0,259.59,Chicago,No,10,False,8.951379310344826
2023-04-12,S001,P0045,1.0,20.46,New York,Yes,4,False,20.46
2023-08-28,S005,P0003,20.0,179.83,Houston,No,8,False,8.9915
2023-10-13,S005,P0035,6.0,133.88,New York,No,10,False,22.313333333333333
2023-02-15,S009,P0003,14.0,346.61,Chicago,No,2,False,24.757857142857144
2023-07-10,S009,P0024,17.0,375.34,Chicago,No,7,False,22.078823529411764
2023-05-03,S004,P0047,,,New York,No,5,False,
2023-08-28,S003,P0031,29.0,245.54,Los Angeles,No,8,False,8.466896551724137
2023-11-15,S008,P0018,38.0,455.18,New York,Yes,11,False,11.97842105263158
2023-12-20,S002,P0018,24.0,164.76,New York,No,12,False,6.864999999999999
2023-11-11,S001,P0044,12.0,,Phoenix,No,11,True,
2023-09-26,S001,P0047,9.0,198.93,Houston,No,9,False,22.103333333333335
2023-11-27,S002,P0038,3.0,43.14,New York,No,11,False,14.38
2023-09-18,S009,P0005,27.0,440.83,Houston,No,9,False,16.327037037037037
2023-10-13,S002,P0004,,,Chicago,No,10,False,
2023-03-09,S008,P0004,,,Los Angeles,Yes,3,False,
2023-11-10,S004,P0027,33.0,422.36,Los Angeles,No,11,False,12.798787878787879
2023-03-07,S009,P0039,29.0,279.77,Houston,Yes,3,False,9.647241379310344
2023-08-20,S008,P0038,36.0,877.34,Los Angeles,Yes,8,True,24.370555555555555
2023-05-04,S009,P0016,26.0,327.76,Houston,Yes,5,False,12.606153846153846
2023-11-24,S002,P0014,48.0,744.93,New York,No,11,False,15.519374999999998
2023-04-01,S009,P0048,12.0,193.61,Phoenix,Yes,4,True,16.13416666666667
2023-07-29,S010,P0027,9.0,174.29,Phoenix,No,7,True,19.365555555555556
2023-11-13,S005,P0020,,,New York,Yes,11,False,
2023-11-06,S001,P0017,8.0,124.06,Phoenix,Yes,11,False,15.5075
2023-08-02,S006,P0038,40.0,268.79,Chicago,No,8,False,6.71975
2023-09-27,S006,P0008,10.0,228.36,New York,No,9,False,22.836000000000002
2023-12-02,S008,P0041,33.0,,New York,No,12,True,
2023-12-16,S001,P0049,42.0,567.9,New York,No,12,True,13.52142857142857
2023-10-06,S001,P0017,39.0,567.65,Chicago,Yes,10,False,14.555128205128204
2023-12-06,S005,P0015,11.0,188.78,Chicago,No,12,False,17.16181818181818
2023-04-19,S003,P0028,40.0,,Los Angeles,No,4,False,
2023-09-15,S006,P0028,38.0,364.08,New York,No,9,False,9.581052631578947
2023-07-31,S007,P0047,31.0,481.28,Houston,No,7,False,15.525161290322579
2023-12-03,S002,P0035,32.0,498.97,Chicago,No,12,True,15.5928125
2023-07-01,S006,P0042,50.0,1033.79,New York,Yes,7,True,20.6758
2023-12-13,S002,P0021,10.0,157.69,New York,Yes,12,False,15.769
2023-01-13,S004,P0008,22.0,262.46,Los Angeles,Yes,1,False,11.93
2023-01-12,S010,P0011,,,New York,No,1,False,
2023-08-04,S006,P0044,24.0,377.71,Chicago,No,8,False,15.737916666666665
2023-07-17,S009,P0029,15.0,366.21,Los Angeles,Yes,7,False,24.413999999999998
2023-09-06,S006,P0021,31.0,482.84,Chicago,Yes,9,False,15.57548387096774
2023-04-09,S006,P0009,48.0,364.41,New York,No,4,True,7.591875000000001
2023-07-07,S008,P0042,24.0,451.81,New York,Yes,7,False,18.825416666666666
2023-05-19,S004,P0020,36.0,793.57,Los Angeles,No,5,False,22.04361111111111
2023-08-02,S005,P0031,30.0,586.52,New York,No,8,False,19.550666666666665
2023-10-22,S006,P0008,31.0,711.7,New York,Yes,10,True,22.958064516129035
2023-12-15,S004,P0046,29.0,676.11,Los Angeles,No,12,False,23.314137931034484
2023-03-21,S005,P0003,19.0,159.87,Los Angeles,No,3,False,8.41421052631579
2023-08-30,S005,P0012,6.0,83.57,Phoenix,No,8,False,13.928333333333333
2023-11-18,S007,P0003,41.0,827.04,Los Angeles,Yes,11,True,20.17170731707317
2023-12-19,S001,P0035,49.0,1010.27,Phoenix,No,12,False,20.617755102040817
2023-03-15,S003,P0032,24.0,,Houston,Yes,3,False,
2023-02-01,S003,P0039,33.0,724.95,Chicago,Yes,2,False,21.96818181818182
2023-08-20,S001,P0029,3.0,61.83,Houston,No,8,True,20.61
2023-02-07,S002,P0032,5.0,49.22,New York,Yes,2,False,9.844
2023-08-26,S006,P0036,6.0,133.73,New York,Yes,8,True,22.28833333333333
2023-10-03,S003,P0049,23.0,367.84,New York,Yes,10,False,15.99304347826087
2023-01-06,S010,P0020,22.0,374.06,New York,No,1,False,17.002727272727274
2023-03-11,S007,P0015,,,Los Angeles,Yes,3,True,
2023-05-10,S001,P0045,7.0,165.77,Houston,No,5,False,23.681428571428572
2023-05-10,S005,P0020,2.0,36.11,Houston,Yes,5,False,18.055
2023-12-13,S003,P0016,49.0,392.25,Los Angeles,No,12,False,8.005102040816327
2023-11-23,S002,P0014,6.0,125.76,Chicago,No,11,False,20.96
2023-10-17,S003,P0015,43.0,631.2,New York,Yes,10,False,14.679069767441861
2023-03-01,S005,P0035,,,Los Angeles,Yes,3,False,
2023-07-05,S008,P0037,11.0,157.62,New York,No,7,False,14.32909090909091
2023-12-05,S009,P0050,11.0,55.41,Houston,No,12,False,5.037272727272727
2023-10-31,S007,P0020,,,Los Angeles,No,10,False,
2023-12-23,S007,P0032,21.0,425.89,Los Angeles,No,12,True,20.28047619047619
2023-10-16,S010,P0034,3.0,73.75,Phoenix,No,10,False,24.583333333333332
2023-09-07,S009,P0017,18.0,324.39,Phoenix,Yes,9,False,18.021666666666665
2023-09-25,S006,P0034,19.0,123.41,New York,Yes,9,False,6.495263157894737
2023-02-06,S002,P0028,14.0,349.36,Chicago,Yes,2,False,24.954285714285714
2023-10-30,S007,P0030,,,New York,No,10,False,
2023-09-17,S010,P0035,30.0,708.06,Houston,Yes,9,True,23.601999999999997
2023-06-08,S004,P0035,36.0,639.91,Houston,No,6,False,17.775277777777777
2023-01-30,S001,P0029,43.0,453.87,Houston,Yes,1,False,10.555116279069768
2023-01-21,S008,P0039,,,New York,No,1,True,
2023-11-27,S009,P0012,32.0,170.49,Chicago,Yes,11,False,5.3278125
2023-08-04,S004,P0019,18.0,290.64,Chicago,Yes,8,False,16.146666666666665
2023-04-10,S004,P0049,12.0,109.91,Los Angeles,No,4,False,9.159166666666666
2023-11-15,S010,P0026,,,Houston,No,11,False,
2023-08-09,S006,P0032,26.0,251.71,New York,Yes,8,False,9.681153846153846
2023-02-17,S001,P0043,37.0,728.3,Chicago,No,2,False,19.68378378378378
2023-11-05,S001,P0016,42.0,437.51,Los Angeles,No,11,True,10.416904761904762
2023-02-20,S009,P0032,16.0,256.15,Los Angeles,No,2,False,16.009375
2023-12-25,S002,P0007,24.0,402.88,Houston,No,12,False,16.786666666666665
2023-04-15,S002,P0038,9.0,78.99,New York,Yes,4,True,8.776666666666666
2023-02-20,S004,P0030,11.0,166.1,New York,No,2,False,15.1
2023-12-13,S005,P0018,43.0,1040.03,Phoenix,No,12,False,24.18674418604651
2023-04-01,S004,P0038,43.0,276.47,Houston,Yes,4,True,6.4295348837209305
2023-05-26,S008,P0002,23.0,437.43,Chicago,No,5,False,19.018695652173914
2023-01-20,S003,P0027,32.0,272.91,Chicago,Yes,1,False,8.5284375
2023-07-13,S003,P0046,24.0,169.23,Los Angeles,No,7,False,7.05125
2023-12-08,S003,P0049,8.0,95.95,New York,Yes,12,False,11.99375
2023-07-17,S003,P0042,32.0,598.07,Houston,No,7,False,18.6896875
2023-11-20,S002,P0030,17.0,309.15,New York,Yes,11,False,18.185294117647057
2023-09-09,S006,P0026,35.0,389.03,Chicago,Yes,9,True,11.115142857142857
2023-01-02,S007,P0004,4.0,86.5,Phoenix,No,1,False,21.625
2023-12-18,S003,P0048,46.0,580.44,Los Angeles,Yes,12,False,12.61826086956522
2023-08-19,S008,P0013,39.0,869.45,New York,Yes,8,True,22.293589743589745
2023-06-30,S005,P0049,25.0,234.29,Los Angeles,No,6,False,9.371599999999999
2023-03-25,S002,P0035,9.0,222.64,Los Angeles,No,3,True,24.737777777777776
2023-05-21,S004,P0041,,,Los Angeles,Yes,5,True,
2023-12-22,S003,P0024,9.0,194.78,Los Angeles,No,12,False,21.642222222222223
2023-12-12,S004,P0049,42.0,448.1,Los Angeles,No,12,False,10.66904761904762
2023-04-04,S007,P0007,41.0,917.38,Los Angeles,Yes,4,False,22.375121951219512
2023-04-23,S003,P0040,47.0,482.15,Chicago,Yes,4,True,10.258510638297873
2023-01-11,S001,P0020,2.0,42.93,Houston,Yes,1,False,21.465
2023-09-05,S003,P0030,33.0,658.02,New York,Yes,9,False,19.939999999999998
2023-01-15,S008,P0039,36.0,859.82,Chicago,No,1,True,23.88388888888889
2023-12-07,S009,P0045,44.0,630.89,Chicago,No,12,False,14.33840909090909
2023-04-10,S001,P0033,36.0,218.26,Chicago,No,4,False,6.062777777777778
2023-08-21,S008,P0047,20.0,383.81,Chicago,Yes,8,False,19.1905
2023-01-12,S007,P0026,21.0,116.62,New York,No,1,False,5.553333333333334
2023-09-15,S006,P0021,37.0,223.96,Phoenix,Yes,9,False,6.052972972972973
2023-04-25,S007,P0015,49.0,768.37,Houston,No,4,False,15.681020408163265
2023-08-06,S003,P0025,35.0,727.62,Los Angeles,No,8,True,20.789142857142856
2023-07-10,S007,P0034,47.0,1111.26,Houston,Yes,7,False,23.643829787234043
2023-12-07,S005,P0009,44.0,607.3,Phoenix,No,12,False,13.802272727272726
2023-09-09,S010,P0002,41.0,1021.27,Houston,No,9,True,24.909024390243903
2023-02-16,S002,P0018,37.0,386.58,Phoenix,Yes,2,False,10.448108108108107
2023-09-07,S009,P0029,3.0,22.35,Los Angeles,No,9,False,7.45
2023-08-25,S001,P0036,30.0,224.65,Los Angeles,Yes,8,False,7.488333333333333
2023-11-13,S005,P0024,10.0,75.35,Los Angeles,Yes,11,False,7.534999999999999
2023-08-05,S009,P0001,8.0,143.0,New York,Yes,8,True,17.875
2023-03-06,S005,P0024,17.0,305.38,Los Angeles,Yes,3,False,17.963529411764707
2023-05-21,S008,P0020,2.0,,Los Angeles,Yes,5,True,
2023-10-08,S007,P0019,34.0,664.49,Houston,Yes,10,True,19.543823529411764
2023-06-15,S001,P0017,46.0,,Houston,No,6,False,
2023-03-18,S003,P0016,5.0,79.98,Phoenix,No,3,True,15.996
2023-10-23,S010,P0011,0.0,,Chicago,Yes,10,False,
2023-05-29,S005,P0026,25.0,294.75,Phoenix,Yes,5,False,11.79
2023-08-07,S010,P0024,5.0,88.85,New York,No,8,False,17.77
2023-11-19,S009,P0020,17.0,337.23,Los Angeles,Yes,11,True,19.837058823529414
2023-06-20,S002,P0033,21.0,326.26,Chicago,No,6,False,15.536190476190475
2023-02-02,S006,P0027,,,New York,No,2,False,
2023-08-14,S006,P0012,40.0,,New York,Yes,8,False,
2023-04-29,S006,P0008,23.0,174.85,Houston,Yes,4,True,7.602173913043478
2023-02-17,S008,P0049,21.0,416.45,Phoenix,Yes,2,False,19.83095238095238
2023-10-13,S007,P0034,13.0,280.02,Los Angeles,No,10,False,21.54
2023-06-18,S009,P0038,38.0,468.77,Los Angeles,Yes,6,True,12.336052631578946
2023-06-17,S004,P0018,31.0,554.02,Houston,No,6,True,17.871612903225806
2023-06-18,S004,P0007,8.0,140.12,Los Angeles,Yes,6,True,17.515
2023-09-25,S010,P0020,2.0,41.01,Chicago,No,9,False,20.505
2023-02-05,S001,P0016,,,Phoenix,Yes,2,True,
2023-04-11,S001,P0030,8.0,155.94,Houston,No,4,False,19.4925
2023-01-18,S002,P0026,20.0,142.52,Houston,Yes,1,False,7.126
2023-03-28,S010,P0005,4.0,80.95,Houston,Yes,3,False,20.2375
2023-07-18,S010,P0035,13.0,137.7,Phoenix,No,7,False,10.592307692307692
2023-05-06,S009,P0049,22.0,340.74,Los Angeles,No,5,True,15.488181818181818
2023-06-05,S002,P0045,1.0,15.06,Los Angeles,No,6,False,15.06
2023-03-26,S005,P0019,30.0,314.73,Los Angeles,Yes,3,True,10.491000000000001
2023-12-21,S004,P0024,34.0,519.7,Chicago,Yes,12,False,15.28529411764706
2023-12-20,S003,P0013,50.0,328.13,Houston,Yes,12,False,6.5626
2023-02-28,S007,P0005,5.0,60.11,Chicago,Yes,2,False,12.022
2023-01-23,S007,P0032,35.0,356.67,Los Angeles,Yes,1,False,10.19057142857143
2023-07-01,S005,P0012,21.0,494.88,Houston,No,7,True,23.565714285714286
2023-03-07,S004,P0007,17.0,,Los Angeles,No,3,False,
2023-12-20,S001,P0038,5.0,78.28,Houston,No,12,False,15.656
2023-04-08,S004,P0007,22.0,286.69,Chicago,No,4,True,13.031363636363636
2023-10-18,S006,P0030,,,New York,No,10,False,
2023-10-22,S002,P0027,13.0,296.7,Los Angeles,No,10,True,22.823076923076922
2023-11-12,S008,P0012,13.0,289.49,Houston,No,11,True,22.26846153846154
2023-09-12,S004,P0030,20.0,408.77,Chicago,Yes,9,False,20.438499999999998
2023-10-31,S002,P0017,33.0,387.82,Phoenix,Yes,10,False,11.752121212121212
2023-12-13,S007,P0046,13.0,115.57,Los Angeles,Yes,12,False,8.889999999999999
2023-10-19,S009,P0019,40.0,398.5,Chicago,No,10,False,9.9625
2023-04-13,S006,P0049,9.0,128.54,Phoenix,Yes,4,False,14.282222222222222
2023-08-09,S009,P0031,19.0,339.36,Los Angeles,No,8,False,17.861052631578946
2023-08-03,S001,P0045,43.0,,New York,No,8,False,
2023-06-08,S009,P0006,39.0,914.72,Chicago,No,6,False,23.454358974358975
2023-08-19,S006,P0028,,,Los Angeles,Yes,8,True,
2023-03-19,S007,P0034,43.0,381.79,Los Angeles,No,3,True,8.878837209302326
2023-09-08,S004,P0002,50.0,506.28,New York,No,9,False,10.125599999999999
2023-07-26,S005,P0048,42.0,216.71,Los Angeles,No,7,False,5.159761904761905
2023-08-15,S003,P0042,29.0,350.4,Houston,Yes,8,False,12.082758620689654
2023-04-07,S007,P0027,18.0,146.36,Los Angeles,No,4,False,8.131111111111112
2023-01-21,S006,P0007,17.0,277.91,Phoenix,No,1,True,16.34764705882353
2023-07-08,S004,P0001,29.0,172.08,Chicago,Yes,7,True,5.933793103448276
2023-08-28,S001,P0050,,,New York,No,8,False,
2023-06-26,S010,P0002,15.0,85.58,Houston,No,6,False,5.705333333333333
2023-08-01,S005,P0027,1.0,16.23,Phoenix,No,8,False,16.23
2023-05-24,S006,P0039,26.0,609.19,New York,No,5,False,23.430384615384618
2023-12-02,S009,P0044,16.0,256.41,Los Angeles,Yes,12,True,16.025625
2023-09-28,S007,P0005,20.0,494.9,Houston,No,9,False,24.744999999999997
2023-11-22,S010,P0002,5.0,42.72,Chicago,Yes,11,False,8.544
2023-07-03,S005,P0003,46.0,968.23,Chicago,No,7,False,21.048478260869565
2023-04-18,S007,P0048,,,Los Angeles,Yes,4,False,
2023-11-08,S010,P0004,46.0,243.6,Chicago,No,11,False,5.2956521739130435
2023-10-09,S008,P0025,32.0,418.15,Phoenix,Yes,10,False,13.0671875
2023-10-30,S008,P0023,7.0,90.44,Los Angeles,No,10,False,12.92
2023-07-19,S004,P0007,20.0,332.79,New York,No,7,False,16.6395
2023-08-17,S002,P0031,45.0,1043.53,Chicago,No,8,False,23.189555555555554
2023-06-02,S002,P0049,35.0,338.84,Los Angeles,No,6,False,9.681142857142856
2023-11-05,S007,P0046,27.0,145.87,Houston,No,11,True,5.402592592592593
2023-04-18,S002,P0005,16.0,364.82,New York,No,4,False,22.80125
2023-11-20,S005,P0013,21.0,297.76,Los Angeles,Yes,11,False,14.17904761904762
2023-01-23,S004,P0025,35.0,201.38,Chicago,No,1,False,5.753714285714286
2023-06-28,S001,P0026,2.0,31.28,Houston,Yes,6,False,15.64
2023-11-20,S002,P0041,19.0,256.42,New York,Yes,11,False,13.495789473684212
2023-01-22,S008,P0027,8.0,78.09,New York,Yes,1,True,9.76125
2023-03-13,S001,P0047,,,Los Angeles,Yes,3,False,
2023-06-16,S001,P0007,47.0,552.05,New York,Yes,6,False,11.745744680851063
2023-09-04,S002,P0012,47.0,754.46,Houston,Yes,9,False,16.052340425531916
2023-09-22,S002,P0041,24.0,308.27,Phoenix,Yes,9,False,12.844583333333333
2023-08-27,S005,P0044,28.0,505.96,Houston,Yes,8,True,18.07
2023-11-11,S006,P0036,21.0,218.09,New York,Yes,11,True,10.385238095238096
2023-08-28,S008,P0007,25.0,241.25,Phoenix,Yes,8,False,9.65
2023-06-01,S006,P0030,7.0,142.78,New York,No,6,False,20.397142857142857
2023-04-23,S006,P0042,5.0,27.22,Houston,No,4,True,5.444
2023-07-26,S001,P0003,24.0,382.16,Houston,No,7,False,15.923333333333334
2023-08-13,S009,P0009,30.0,413.61,Chicago,Yes,8,True,13.787
2023-12-08,S003,P0033,4.0,47.56,New York,Yes,12,False,11.89
2023-08-08,S002,P0029,22.0,507.7,New York,Yes,8,False,23.077272727272728
2023-05-16,S009,P0008,23.0,449.52,Phoenix,Yes,5,False,19.544347826086955
2023-07-18,S006,P0004,,,Los Angeles,No,7,False,
2023-12-26,S009,P0036,16.0,298.66,Los Angeles,No,12,False,18.66625
2023-04-28,S005,P0028,47.0,769.35,Los Angeles,Yes,4,False,16.369148936170212
2023-04-25,S007,P0048,34.0,201.19,Los Angeles,No,4,False,5.91735294117647
2023-09-02,S007,P0020,23.0,407.07,Los Angeles,No,9,True,17.698695652173914
2023-05-05,S003,P0043,,,Los Angeles,No,5,False,
2023-09-22,S005,P0001,9.0,134.41,Chicago,No,9,False,14.934444444444445
2023-08-22,S009,P0012,47.0,751.67,Houston,No,8,False,15.992978723404255
2023-05-21,S010,P0016,3.0,66.34,Chicago,Yes,5,True,22.113333333333333
2023-02-16,S004,P0019,9.0,101.25,Chicago,Yes,2,False,11.25
2023-05-18,S005,P0003,45.0,387.07,Chicago,Yes,5,False,8.601555555555555
2023-06-19,S005,P0049,11.0,58.54,Los Angeles,Yes,6,False,5.321818181818181
2023-09-03,S010,P0049,37.0,782.31,Los Angeles,No,9,True,21.14351351351351
2023-12-24,S005,P0005,40.0,606.16,Phoenix,No,12,True,15.154
2023-01-10,S010,P0049,9.0,171.89,Chicago,No,1,False,19.098888888888887
2023-08-17,S006,P0033,47.0,743.73,New York,No,8,False,15.82404255319149
2023-06-19,S004,P0032,44.0,661.75,Houston,Yes,6,False,15.039772727272727
2023-03-28,S002,P0001,27.0,412.44,New York,No,3,False,15.275555555555556
2023-07-11,S010,P0018,29.0,300.08,Los Angeles,Yes,7,False,10.347586206896551
2023-11-02,S001,P0020,47.0,298.9,New York,Yes,11,False,6.359574468085106
2023-10-26,S002,P0038,13.0,252.16,New York,No,10,False,19.396923076923077
2023-09-18,S007,P0017,,,Los Angeles,No,9,False,
2023-01-23,S001,P0003,29.0,290.43,Los Angeles,Yes,1,False,10.014827586206897
2023-04-11,S006,P0035,8.0,170.29,New York,Yes,4,False,21.28625
2023-07-27,S001,P0037,,,Houston,No,7,False,
2023-05-29,S003,P0002,,,New York,No,5,False,
2023-04-06,S004,P0050,17.0,,Houston,No,4,False,
2023-09-19,S001,P0011,3.0,18.33,New York,No,9,False,6.109999999999999
2023-08-14,S005,P0029,34.0,726.98,Los Angeles,Yes,8,False,21.381764705882354
2023-05-06,S002,P0036,34.0,503.74,New York,No,5,True,14.815882352941177
2023-08-21,S008,P0044,4.0,95.7,Chicago,No,8,False,23.925
2023-04-01,S008,P0002,47.0,817.54,New York,No,4,True,17.394468085106382
2023-11-11,S010,P0004,,,Los Angeles,No,11,True,
2023-03-11,S006,P0011,39.0,713.22,Chicago,No,3,True,18.287692307692307
2023-02-19,S006,P0005,3.0,63.96,Los Angeles,No,2,True,21.32
2023-04-22,S010,P0037,31.0,169.84,Houston,No,4,True,5.478709677419355
2023-02-22,S004,P0048,18.0,313.32,Phoenix,Yes,2,False,17.406666666666666
2023-09-04,S005,P0018,27.0,459.51,Los Angeles,Yes,9,False,17.01888888888889
2023-03-15,S008,P0023,6.0,61.95,Chicago,No,3,False,10.325000000000001
2023-09-23,S003,P0005,,,Phoenix,Yes,9,True,
2023-08-23,S005,P0040,44.0,816.34,Chicago,No,8,False,18.55318181818182
2023-12-07,S007,P0002,29.0,465.47,Los Angeles,Yes,12,False,16.050689655172416
2023-07-12,S010,P0045,31.0,299.01,New York,No,7,False,9.645483870967741
2023-02-05,S009,P0001,,,Los Angeles,No,2,True,
2023-02-20,S010,P0029,21.0,501.09,Phoenix,No,2,False,23.86142857142857
2023-08-16,S001,P0042,17.0,296.52,Phoenix,Yes,8,False,17.44235294117647
2023-01-16,S005,P0010,35.0,581.5,Phoenix,Yes,1,False,16.614285714285714
2023-08-18,S008,P0018,49.0,,New York,No,8,False,
2023-09-26,S003,P0020,19.0,138.16,Chicago,No,9,False,7.271578947368421
2023-05-31,S009,P0036,48.0,872.26,Houston,Yes,5,False,18.172083333333333
2023-04-07,S007,P0027,26.0,604.9,Houston,No,4,False,23.265384615384615
2023-11-30,S006,P0039,27.0,599.94,New York,Yes,11,False,22.220000000000002
2023-04-13,S009,P0035,20.0,167.61,Chicago,Yes,4,False,8.380500000000001
2023-12-07,S006,P0004,48.0,902.27,Los Angeles,Yes,12,False,18.797291666666666
2023-10-28,S002,P0009,33.0,490.1,Phoenix,No,10,True,14.851515151515152
2023-08-10,S005,P0050,4.0,21.92,Chicago,No,8,False,5.48
2023-05-25,S005,P0027,10.0,207.95,Los Angeles,No,5,False,20.794999999999998
2023-06-15,S004,P0026,8.0,,New York,No,6,False,
2023-12-04,S009,P0045,1.0,5.08,Chicago,No,12,False,5.08
2023-12-22,S009,P0039,33.0,459.77,Los Angeles,No,12,False,13.932424242424242
2023-05-13,S006,P0035,17.0,233.22,Los Angeles,No,5,True,13.718823529411765
2023-08-28,S010,P0016,50.0,671.24,New York,No,8,False,13.4248
2023-11-09,S007,P0021,21.0,311.28,Los Angeles,No,11,False,14.822857142857142
2023-05-25,S001,P0016,29.0,155.67,Chicago,Yes,5,False,5.367931034482758
2023-12-04,S005,P0041,30.0,290.81,Los Angeles,Yes,12,False,9.693666666666667
2023-02-12,S010,P0044,2.0,12.25,Phoenix,Yes,2,True,6.125
2023-03-10,S008,P0005,5.0,49.78,Los Angeles,No,3,False,9.956
2023-12-09,S005,P0017,34.0,264.83,Los Angeles,Yes,12,True,7.7891176470588235
2023-01-08,S005,P0033,,,Los Angeles,No,1,True,
2023-10-30,S001,P0044,32.0,527.16,Los Angeles,No,10,False,16.47375
2023-04-30,S002,P0038,20.0,400.6,Los Angeles,No,4,True,20.03
2023-10-28,S002,P0042,30.0,,Phoenix,No,10,True,
2023-01-05,S009,P0003,50.0,826.4,Los Angeles,No,1,False,16.528
2023-06-28,S005,P0021,38.0,502.1,Los Angeles,No,6,False,13.213157894736844
2023-07-17,S006,P0023,26.0,533.95,New York,No,7,False,20.536538461538463
2023-05-25,S008,P0030,32.0,778.82,New York,No,5,False,24.338125
2023-08-26,S005,P0044,46.0,1131.87,Los Angeles,Yes,8,True,24.60586956521739
2023-09-11,S001,P0031,23.0,407.88,Houston,No,9,False,17.73391304347826
2023-09-24,S004,P0045,25.0,187.26,Phoenix,No,9,True,7.490399999999999
2023-06-25,S001,P0025,9.0,194.4,New York,Yes,6,True,21.6
2023-01-13,S007,P0040,13.0,206.97,Houston,Yes,1,False,15.920769230769231
2023-05-07,S004,P0020,12.0,120.57,Houston,Yes,5,True,10.0475
2023-01-05,S004,P0027,0.0,,Houston,No,1,False,
2023-11-06,S001,P0030,27.0,550.87,Phoenix,No,11,False,20.402592592592594
2023-04-10,S004,P0010,,,Los Angeles,No,4,False,
2023-08-21,S001,P0027,18.0,214.32,Chicago,No,8,False,11.906666666666666
2023-06-15,S006,P0014,48.0,514.43,Chicago,Yes,6,False,10.717291666666666
2023-06-07,S007,P0008,25.0,440.29,New York,Yes,6,False,17.6116
2023-12-29,S005,P0021,6.0,,Chicago,No,12,False,
2023-01-22,S003,P0011,35.0,588.36,Los Angeles,No,1,True,16.810285714285715
2023-07-09,S009,P0017,38.0,504.63,New York,No,7,True,13.279736842105264
2023-02-06,S009,P0029,15.0,186.35,New York,No,2,False,12.423333333333334
2023-10-24,S001,P0037,10.0,220.13,New York,No,10,False,22.012999999999998
2023-12-27,S002,P0038,11.0,155.34,Houston,Yes,12,False,14.121818181818183
2023-10-04,S001,P0025,6.0,122.04,Los Angeles,Yes,10,False,20.34
2023-10-30,S008,P0038,5.0,80.52,New York,Yes,10,False,16.104
2023-01-15,S010,P0029,25.0,440.7,Chicago,Yes,1,True,17.628
2023-06-10,S006,P0020,,,Phoenix,Yes,6,True,
2023-08-17,S009,P0042,9.0,144.87,New York,No,8,False,16.096666666666668
2023-01-23,S005,P0032,42.0,755.44,Chicago,No,1,False,17.986666666666668
2023-05-24,S002,P0030,34.0,196.85,Chicago,Yes,5,False,5.789705882352941
2023-06-02,S006,P0043,45.0,374.7,New York,No,6,False,8.326666666666666
2023-12-03,S010,P0027,7.0,43.31,New York,No,12,True,6.187142857142858
2023-11-22,S006,P0020,32.0,590.61,New York,No,11,False,18.4565625
2023-06-20,S001,P0021,30.0,487.36,Houston,No,6,False,16.245333333333335
2023-10-27,S008,P0007,42.0,1011.15,Phoenix,Yes,10,False,24.075
2023-07-18,S008,P0010,39.0,704.38,Chicago,No,7,False,18.06102564102564
2023-07-19,S010,P0039,6.0,52.08,Los Angeles,Yes,7,False,8.68
2023-12-30,S003,P0015,15.0,100.85,New York,No,12,True,6.723333333333333
2023-02-05,S002,P0009,10.0,69.98,Los Angeles,No,2,True,6.998
2023-01-25,S007,P0012,27.0,456.07,Houston,No,1,False,16.89148148148148
2023-03-25,S004,P0036,30.0,314.8,Chicago,No,3,True,10.493333333333334
2023-01-09,S005,P0032,43.0,1044.98,New York,Yes,1,False,24.30186046511628
2023-08-21,S007,P0025,2.0,,Los Angeles,No,8,False,
2023-01-22,S004,P0033,,,Los Angeles,Yes,1,True,
2023-08-03,S005,P0040,39.0,326.12,Los Angeles,No,8,False,8.362051282051283
2023-04-29,S002,P0026,2.0,31.03,New York,No,4,True,15.515
2023-07-04,S009,P0005,12.0,200.08,Los Angeles,Yes,7,False,16.673333333333336
2023-05-13,S005,P0029,9.0,203.42,Los Angeles,No,5,True,22.60222222222222
2023-08-08,S008,P0048,1.0,19.93,Los Angeles,No,8,False,19.93
